path,resolution,series,sys_id,img_id,format,date
4000/smudged-hexagon_007_1406.png,4000,smudged-hexagon,007,1406,png,2022-11-06
800/smudged-hexagon_007_1406.png,800,smudged-hexagon,007,1406,png,2022-11-06
4000/smudged-hexagon_007_1409.png,4000,smudged-hexagon,007,1409,png,2022-11-06
800/smudged-hexagon_007_1409.png,800,smudged-hexagon,007,1409,png,2022-11-06
4000/smudged-hexagon_007_1411.png,4000,smudged-hexagon,007,1411,png,2022-11-06
800/smudged-hexagon_007_1411.png,800,smudged-hexagon,007,1411,png,2022-11-06
4000/smudged-hexagon_007_1412.png,4000,smudged-hexagon,007,1412,png,2022-11-06
800/smudged-hexagon_007_1412.png,800,smudged-hexagon,007,1412,png,2022-11-06
4000/smudged-hexagon_007_1422.png,4000,smudged-hexagon,007,1422,png,2022-11-06
800/smudged-hexagon_007_1422.png,800,smudged-hexagon,007,1422,png,2022-11-06
4000/smudged-hexagon_007_1423.png,4000,smudged-hexagon,007,1423,png,2022-11-06
800/smudged-hexagon_007_1423.png,800,smudged-hexagon,007,1423,png,2022-11-06
4000/smudged-hexagon_007_1430.png,4000,smudged-hexagon,007,1430,png,2022-11-06
800/smudged-hexagon_007_1430.png,800,smudged-hexagon,007,1430,png,2022-11-06
4000/smudged-hexagon_007_1444.png,4000,smudged-hexagon,007,1444,png,2022-11-06
800/smudged-hexagon_007_1444.png,800,smudged-hexagon,007,1444,png,2022-11-06
4000/smudged-hexagon_007_1445.png,4000,smudged-hexagon,007,1445,png,2022-11-06
800/smudged-hexagon_007_1445.png,800,smudged-hexagon,007,1445,png,2022-11-06
4000/smudged-hexagon_007_1452.png,4000,smudged-hexagon,007,1452,png,2022-11-06
800/smudged-hexagon_007_1452.png,800,smudged-hexagon,007,1452,png,2022-11-06
4000/smudged-hexagon_007_1459.png,4000,smudged-hexagon,007,1459,png,2022-11-06
800/smudged-hexagon_007_1459.png,800,smudged-hexagon,007,1459,png,2022-11-06
4000/smudged-hexagon_007_1460.png,4000,smudged-hexagon,007,1460,png,2022-11-06
800/smudged-hexagon_007_1460.png,800,smudged-hexagon,007,1460,png,2022-11-06
4000/smudged-hexagon_007_1464.png,4000,smudged-hexagon,007,1464,png,2022-11-06
800/smudged-hexagon_007_1464.png,800,smudged-hexagon,007,1464,png,2022-11-06
4000/smudged-hexagon_007_1467.png,4000,smudged-hexagon,007,1467,png,2022-11-06
800/smudged-hexagon_007_1467.png,800,smudged-hexagon,007,1467,png,2022-11-06
4000/smudged-hexagon_007_1469.png,4000,smudged-hexagon,007,1469,png,2022-11-06
800/smudged-hexagon_007_1469.png,800,smudged-hexagon,007,1469,png,2022-11-06
4000/smudged-hexagon_007_1471.png,4000,smudged-hexagon,007,1471,png,2022-11-06
800/smudged-hexagon_007_1471.png,800,smudged-hexagon,007,1471,png,2022-11-06
4000/smudged-hexagon_007_1473.png,4000,smudged-hexagon,007,1473,png,2022-11-06
800/smudged-hexagon_007_1473.png,800,smudged-hexagon,007,1473,png,2022-11-06
4000/smudged-hexagon_007_1477.png,4000,smudged-hexagon,007,1477,png,2022-11-06
800/smudged-hexagon_007_1477.png,800,smudged-hexagon,007,1477,png,2022-11-06
4000/smudged-hexagon_007_1484.png,4000,smudged-hexagon,007,1484,png,2022-11-06
800/smudged-hexagon_007_1484.png,800,smudged-hexagon,007,1484,png,2022-11-06
4000/smudged-hexagon_007_1495.png,4000,smudged-hexagon,007,1495,png,2022-11-06
800/smudged-hexagon_007_1495.png,800,smudged-hexagon,007,1495,png,2022-11-06
4000/smudged-hexagon_007_1497.png,4000,smudged-hexagon,007,1497,png,2022-11-06
800/smudged-hexagon_007_1497.png,800,smudged-hexagon,007,1497,png,2022-11-06
4000/smudged-hexagon_008_1502.png,4000,smudged-hexagon,008,1502,png,2022-11-06
800/smudged-hexagon_008_1502.png,800,smudged-hexagon,008,1502,png,2022-11-06
4000/smudged-hexagon_008_1504.png,4000,smudged-hexagon,008,1504,png,2022-11-06
800/smudged-hexagon_008_1504.png,800,smudged-hexagon,008,1504,png,2022-11-06
4000/smudged-hexagon_008_1505.png,4000,smudged-hexagon,008,1505,png,2022-11-06
800/smudged-hexagon_008_1505.png,800,smudged-hexagon,008,1505,png,2022-11-06
4000/smudged-hexagon_008_1507.png,4000,smudged-hexagon,008,1507,png,2022-11-06
800/smudged-hexagon_008_1507.png,800,smudged-hexagon,008,1507,png,2022-11-06
4000/smudged-hexagon_008_1518.png,4000,smudged-hexagon,008,1518,png,2022-11-06
800/smudged-hexagon_008_1518.png,800,smudged-hexagon,008,1518,png,2022-11-06
4000/smudged-hexagon_008_1519.png,4000,smudged-hexagon,008,1519,png,2022-11-06
800/smudged-hexagon_008_1519.png,800,smudged-hexagon,008,1519,png,2022-11-06
4000/smudged-hexagon_008_1529.png,4000,smudged-hexagon,008,1529,png,2022-11-06
800/smudged-hexagon_008_1529.png,800,smudged-hexagon,008,1529,png,2022-11-06
4000/smudged-hexagon_008_1539.png,4000,smudged-hexagon,008,1539,png,2022-11-06
800/smudged-hexagon_008_1539.png,800,smudged-hexagon,008,1539,png,2022-11-06
4000/smudged-hexagon_008_1545.png,4000,smudged-hexagon,008,1545,png,2022-11-06
800/smudged-hexagon_008_1545.png,800,smudged-hexagon,008,1545,png,2022-11-06
4000/smudged-hexagon_008_1549.png,4000,smudged-hexagon,008,1549,png,2022-11-06
800/smudged-hexagon_008_1549.png,800,smudged-hexagon,008,1549,png,2022-11-06
4000/smudged-hexagon_008_1558.png,4000,smudged-hexagon,008,1558,png,2022-11-06
800/smudged-hexagon_008_1558.png,800,smudged-hexagon,008,1558,png,2022-11-06
4000/smudged-hexagon_008_1568.png,4000,smudged-hexagon,008,1568,png,2022-11-06
800/smudged-hexagon_008_1568.png,800,smudged-hexagon,008,1568,png,2022-11-06
4000/smudged-hexagon_008_1575.png,4000,smudged-hexagon,008,1575,png,2022-11-06
800/smudged-hexagon_008_1575.png,800,smudged-hexagon,008,1575,png,2022-11-06
4000/smudged-hexagon_008_1584.png,4000,smudged-hexagon,008,1584,png,2022-11-06
800/smudged-hexagon_008_1584.png,800,smudged-hexagon,008,1584,png,2022-11-06
4000/smudged-hexagon_008_1585.png,4000,smudged-hexagon,008,1585,png,2022-11-06
800/smudged-hexagon_008_1585.png,800,smudged-hexagon,008,1585,png,2022-11-06
4000/smudged-hexagon_008_1586.png,4000,smudged-hexagon,008,1586,png,2022-11-06
800/smudged-hexagon_008_1586.png,800,smudged-hexagon,008,1586,png,2022-11-06
4000/smudged-hexagon_008_1587.png,4000,smudged-hexagon,008,1587,png,2022-11-06
800/smudged-hexagon_008_1587.png,800,smudged-hexagon,008,1587,png,2022-11-06
4000/smudged-hexagon_008_1589.png,4000,smudged-hexagon,008,1589,png,2022-11-06
800/smudged-hexagon_008_1589.png,800,smudged-hexagon,008,1589,png,2022-11-06
4000/smudged-hexagon_008_1592.png,4000,smudged-hexagon,008,1592,png,2022-11-06
800/smudged-hexagon_008_1592.png,800,smudged-hexagon,008,1592,png,2022-11-06
4000/smudged-hexagon_008_1595.png,4000,smudged-hexagon,008,1595,png,2022-11-06
800/smudged-hexagon_008_1595.png,800,smudged-hexagon,008,1595,png,2022-11-06
4000/smudged-hexagon_008_1599.png,4000,smudged-hexagon,008,1599,png,2022-11-06
800/smudged-hexagon_008_1599.png,800,smudged-hexagon,008,1599,png,2022-11-06
4000/smudged-hexagon_009_1601.png,4000,smudged-hexagon,009,1601,png,2022-11-06
800/smudged-hexagon_009_1601.png,800,smudged-hexagon,009,1601,png,2022-11-06
4000/smudged-hexagon_009_1604.png,4000,smudged-hexagon,009,1604,png,2022-11-06
800/smudged-hexagon_009_1604.png,800,smudged-hexagon,009,1604,png,2022-11-06
4000/smudged-hexagon_009_1615.png,4000,smudged-hexagon,009,1615,png,2022-11-06
800/smudged-hexagon_009_1615.png,800,smudged-hexagon,009,1615,png,2022-11-06
4000/smudged-hexagon_009_1635.png,4000,smudged-hexagon,009,1635,png,2022-11-06
800/smudged-hexagon_009_1635.png,800,smudged-hexagon,009,1635,png,2022-11-06
4000/smudged-hexagon_009_1640.png,4000,smudged-hexagon,009,1640,png,2022-11-06
800/smudged-hexagon_009_1640.png,800,smudged-hexagon,009,1640,png,2022-11-06
4000/smudged-hexagon_009_1649.png,4000,smudged-hexagon,009,1649,png,2022-11-06
800/smudged-hexagon_009_1649.png,800,smudged-hexagon,009,1649,png,2022-11-06
4000/smudged-hexagon_009_1663.png,4000,smudged-hexagon,009,1663,png,2022-11-06
800/smudged-hexagon_009_1663.png,800,smudged-hexagon,009,1663,png,2022-11-06
4000/smudged-hexagon_009_1666.png,4000,smudged-hexagon,009,1666,png,2022-11-06
800/smudged-hexagon_009_1666.png,800,smudged-hexagon,009,1666,png,2022-11-06
4000/smudged-hexagon_009_1681.png,4000,smudged-hexagon,009,1681,png,2022-11-06
800/smudged-hexagon_009_1681.png,800,smudged-hexagon,009,1681,png,2022-11-06
4000/smudged-hexagon_009_1690.png,4000,smudged-hexagon,009,1690,png,2022-11-06
800/smudged-hexagon_009_1690.png,800,smudged-hexagon,009,1690,png,2022-11-06
4000/smudged-hexagon_009_1697.png,4000,smudged-hexagon,009,1697,png,2022-11-06
800/smudged-hexagon_009_1697.png,800,smudged-hexagon,009,1697,png,2022-11-06
4000/smudged-hexagon_010_1701.png,4000,smudged-hexagon,010,1701,png,2022-11-06
800/smudged-hexagon_010_1701.png,800,smudged-hexagon,010,1701,png,2022-11-06
4000/smudged-hexagon_010_1703.png,4000,smudged-hexagon,010,1703,png,2022-11-06
800/smudged-hexagon_010_1703.png,800,smudged-hexagon,010,1703,png,2022-11-06
4000/smudged-hexagon_010_1706.png,4000,smudged-hexagon,010,1706,png,2022-11-06
800/smudged-hexagon_010_1706.png,800,smudged-hexagon,010,1706,png,2022-11-06
4000/smudged-hexagon_010_1716.png,4000,smudged-hexagon,010,1716,png,2022-11-06
800/smudged-hexagon_010_1716.png,800,smudged-hexagon,010,1716,png,2022-11-06
4000/smudged-hexagon_010_1717.png,4000,smudged-hexagon,010,1717,png,2022-11-06
800/smudged-hexagon_010_1717.png,800,smudged-hexagon,010,1717,png,2022-11-06
4000/smudged-hexagon_010_1718.png,4000,smudged-hexagon,010,1718,png,2022-11-06
800/smudged-hexagon_010_1718.png,800,smudged-hexagon,010,1718,png,2022-11-06
4000/smudged-hexagon_010_1719.png,4000,smudged-hexagon,010,1719,png,2022-11-06
800/smudged-hexagon_010_1719.png,800,smudged-hexagon,010,1719,png,2022-11-06
4000/smudged-hexagon_010_1727.png,4000,smudged-hexagon,010,1727,png,2022-11-06
800/smudged-hexagon_010_1727.png,800,smudged-hexagon,010,1727,png,2022-11-06
4000/smudged-hexagon_010_1729.png,4000,smudged-hexagon,010,1729,png,2022-11-06
800/smudged-hexagon_010_1729.png,800,smudged-hexagon,010,1729,png,2022-11-06
4000/smudged-hexagon_010_1735.png,4000,smudged-hexagon,010,1735,png,2022-11-06
800/smudged-hexagon_010_1735.png,800,smudged-hexagon,010,1735,png,2022-11-06
4000/smudged-hexagon_010_1736.png,4000,smudged-hexagon,010,1736,png,2022-11-06
800/smudged-hexagon_010_1736.png,800,smudged-hexagon,010,1736,png,2022-11-06
4000/smudged-hexagon_010_1737.png,4000,smudged-hexagon,010,1737,png,2022-11-06
800/smudged-hexagon_010_1737.png,800,smudged-hexagon,010,1737,png,2022-11-06
4000/smudged-hexagon_010_1739.png,4000,smudged-hexagon,010,1739,png,2022-11-06
800/smudged-hexagon_010_1739.png,800,smudged-hexagon,010,1739,png,2022-11-06
4000/smudged-hexagon_010_1740.png,4000,smudged-hexagon,010,1740,png,2022-11-06
800/smudged-hexagon_010_1740.png,800,smudged-hexagon,010,1740,png,2022-11-06
4000/smudged-hexagon_010_1741.png,4000,smudged-hexagon,010,1741,png,2022-11-06
800/smudged-hexagon_010_1741.png,800,smudged-hexagon,010,1741,png,2022-11-06
4000/smudged-hexagon_010_1743.png,4000,smudged-hexagon,010,1743,png,2022-11-06
800/smudged-hexagon_010_1743.png,800,smudged-hexagon,010,1743,png,2022-11-06
4000/smudged-hexagon_010_1744.png,4000,smudged-hexagon,010,1744,png,2022-11-06
800/smudged-hexagon_010_1744.png,800,smudged-hexagon,010,1744,png,2022-11-06
4000/smudged-hexagon_010_1745.png,4000,smudged-hexagon,010,1745,png,2022-11-06
800/smudged-hexagon_010_1745.png,800,smudged-hexagon,010,1745,png,2022-11-06
4000/smudged-hexagon_010_1747.png,4000,smudged-hexagon,010,1747,png,2022-11-06
800/smudged-hexagon_010_1747.png,800,smudged-hexagon,010,1747,png,2022-11-06
4000/smudged-hexagon_010_1748.png,4000,smudged-hexagon,010,1748,png,2022-11-06
800/smudged-hexagon_010_1748.png,800,smudged-hexagon,010,1748,png,2022-11-06
4000/smudged-hexagon_010_1749.png,4000,smudged-hexagon,010,1749,png,2022-11-06
800/smudged-hexagon_010_1749.png,800,smudged-hexagon,010,1749,png,2022-11-06
4000/smudged-hexagon_010_1754.png,4000,smudged-hexagon,010,1754,png,2022-11-06
800/smudged-hexagon_010_1754.png,800,smudged-hexagon,010,1754,png,2022-11-06
4000/smudged-hexagon_010_1761.png,4000,smudged-hexagon,010,1761,png,2022-11-06
800/smudged-hexagon_010_1761.png,800,smudged-hexagon,010,1761,png,2022-11-06
4000/smudged-hexagon_010_1763.png,4000,smudged-hexagon,010,1763,png,2022-11-06
800/smudged-hexagon_010_1763.png,800,smudged-hexagon,010,1763,png,2022-11-06
4000/smudged-hexagon_010_1770.png,4000,smudged-hexagon,010,1770,png,2022-11-06
800/smudged-hexagon_010_1770.png,800,smudged-hexagon,010,1770,png,2022-11-06
4000/smudged-hexagon_010_1771.png,4000,smudged-hexagon,010,1771,png,2022-11-06
800/smudged-hexagon_010_1771.png,800,smudged-hexagon,010,1771,png,2022-11-06
4000/smudged-hexagon_010_1777.png,4000,smudged-hexagon,010,1777,png,2022-11-06
800/smudged-hexagon_010_1777.png,800,smudged-hexagon,010,1777,png,2022-11-06
4000/smudged-hexagon_010_1781.png,4000,smudged-hexagon,010,1781,png,2022-11-06
800/smudged-hexagon_010_1781.png,800,smudged-hexagon,010,1781,png,2022-11-06
4000/smudged-hexagon_010_1783.png,4000,smudged-hexagon,010,1783,png,2022-11-06
800/smudged-hexagon_010_1783.png,800,smudged-hexagon,010,1783,png,2022-11-06
4000/smudged-hexagon_010_1784.png,4000,smudged-hexagon,010,1784,png,2022-11-06
800/smudged-hexagon_010_1784.png,800,smudged-hexagon,010,1784,png,2022-11-06
4000/smudged-hexagon_010_1786.png,4000,smudged-hexagon,010,1786,png,2022-11-06
800/smudged-hexagon_010_1786.png,800,smudged-hexagon,010,1786,png,2022-11-06
4000/smudged-hexagon_010_1794.png,4000,smudged-hexagon,010,1794,png,2022-11-06
800/smudged-hexagon_010_1794.png,800,smudged-hexagon,010,1794,png,2022-11-06
4000/smudged-hexagon_010_1798.png,4000,smudged-hexagon,010,1798,png,2022-11-06
800/smudged-hexagon_010_1798.png,800,smudged-hexagon,010,1798,png,2022-11-06
4000/smudged-hexagon_012_1900.png,4000,smudged-hexagon,012,1900,png,2022-11-06
800/smudged-hexagon_012_1900.png,800,smudged-hexagon,012,1900,png,2022-11-06
4000/smudged-hexagon_012_1905.png,4000,smudged-hexagon,012,1905,png,2022-11-06
800/smudged-hexagon_012_1905.png,800,smudged-hexagon,012,1905,png,2022-11-06
4000/smudged-hexagon_012_1908.png,4000,smudged-hexagon,012,1908,png,2022-11-06
800/smudged-hexagon_012_1908.png,800,smudged-hexagon,012,1908,png,2022-11-06
4000/smudged-hexagon_012_1915.png,4000,smudged-hexagon,012,1915,png,2022-11-06
800/smudged-hexagon_012_1915.png,800,smudged-hexagon,012,1915,png,2022-11-06
4000/smudged-hexagon_012_1940.png,4000,smudged-hexagon,012,1940,png,2022-11-06
800/smudged-hexagon_012_1940.png,800,smudged-hexagon,012,1940,png,2022-11-06
4000/smudged-hexagon_012_1941.png,4000,smudged-hexagon,012,1941,png,2022-11-06
800/smudged-hexagon_012_1941.png,800,smudged-hexagon,012,1941,png,2022-11-06
4000/smudged-hexagon_012_1960.png,4000,smudged-hexagon,012,1960,png,2022-11-06
800/smudged-hexagon_012_1960.png,800,smudged-hexagon,012,1960,png,2022-11-06
4000/smudged-hexagon_012_1962.png,4000,smudged-hexagon,012,1962,png,2022-11-06
800/smudged-hexagon_012_1962.png,800,smudged-hexagon,012,1962,png,2022-11-06
4000/smudged-hexagon_012_1966.png,4000,smudged-hexagon,012,1966,png,2022-11-06
800/smudged-hexagon_012_1966.png,800,smudged-hexagon,012,1966,png,2022-11-06
4000/smudged-hexagon_012_1969.png,4000,smudged-hexagon,012,1969,png,2022-11-06
800/smudged-hexagon_012_1969.png,800,smudged-hexagon,012,1969,png,2022-11-06
4000/smudged-hexagon_012_1970.png,4000,smudged-hexagon,012,1970,png,2022-11-06
800/smudged-hexagon_012_1970.png,800,smudged-hexagon,012,1970,png,2022-11-06
4000/smudged-hexagon_012_1971.png,4000,smudged-hexagon,012,1971,png,2022-11-06
800/smudged-hexagon_012_1971.png,800,smudged-hexagon,012,1971,png,2022-11-06
4000/smudged-hexagon_012_1986.png,4000,smudged-hexagon,012,1986,png,2022-11-06
800/smudged-hexagon_012_1986.png,800,smudged-hexagon,012,1986,png,2022-11-06
